Entity ID,Acquisition Date,Publication Date,Resolution,Date Updated,NW Corner Lat,NW Corner Long,NE Corner Lat,NE Corner Long,SE Corner Lat,SE Corner Long,SW Corner Lat,SW Corner Long,Latitude,Longitude,Display ID,
SRTM1S01W074V3,2/11/2000 0:00,9/23/2014 0:00,1-ARC,,"0°00'00""N","74°00'00""W","0°00'00""N","73°00'00""W","1°00'00""S","73°00'00""W","1°00'00""S","74°00'00""W",0,-74,SRTM1S01W074V3,SRTM1S01W074V3
SRTM1S01W075V3,2/11/2000 0:00,9/23/2014 0:00,1-ARC,,"0°00'00""N","75°00'00""W","0°00'00""N","74°00'00""W","1°00'00""S","74°00'00""W","1°00'00""S","75°00'00""W",0,-75,SRTM1S01W075V3,SRTM1S01W075V3
SRTM1S01W076V3,2/11/2000 0:00,9/23/2014 0:00,1-ARC,,"0°00'00""N","76°00'00""W","0°00'00""N","75°00'00""W","1°00'00""S","75°00'00""W","1°00'00""S","76°00'00""W",0,-76,SRTM1S01W076V3,SRTM1S01W076V3
SRTM1S02W072V3,2/11/2000 0:00,9/23/2014 0:00,1-ARC,,"1°00'00""S","72°00'00""W","1°00'00""S","71°00'00""W","2°00'00""S","71°00'00""W","2°00'00""S","72°00'00""W",-1,-72,SRTM1S02W072V3,SRTM1S02W072V3
SRTM1S02W073V3,2/11/2000 0:00,9/23/2014 0:00,1-ARC,,"1°00'00""S","73°00'00""W","1°00'00""S","72°00'00""W","2°00'00""S","72°00'00""W","2°00'00""S","73°00'00""W",-1,-73,SRTM1S02W073V3,SRTM1S02W073V3
SRTM1S02W074V3,2/11/2000 0:00,9/23/2014 0:00,1-ARC,,"1°00'00""S","74°00'00""W","1°00'00""S","73°00'00""W","2°00'00""S","73°00'00""W","2°00'00""S","74°00'00""W",-1,-74,SRTM1S02W074V3,SRTM1S02W074V3
SRTM1S02W075V3,2/11/2000 0:00,9/23/2014 0:00,1-ARC,,"1°00'00""S","75°00'00""W","1°00'00""S","74°00'00""W","2°00'00""S","74°00'00""W","2°00'00""S","75°00'00""W",-1,-75,SRTM1S02W075V3,SRTM1S02W075V3
SRTM1S02W076V3,2/11/2000 0:00,9/23/2014 0:00,1-ARC,,"1°00'00""S","76°00'00""W","1°00'00""S","75°00'00""W","2°00'00""S","75°00'00""W","2°00'00""S","76°00'00""W",-1,-76,SRTM1S02W076V3,SRTM1S02W076V3
SRTM1S02W077V3,2/11/2000 0:00,9/23/2014 0:00,1-ARC,,"1°00'00""S","77°00'00""W","1°00'00""S","76°00'00""W","2°00'00""S","76°00'00""W","2°00'00""S","77°00'00""W",-1,-77,SRTM1S02W077V3,SRTM1S02W077V3
SRTM1S03W071V3,2/11/2000 0:00,9/23/2014 0:00,1-ARC,,"2°00'00""S","71°00'00""W","2°00'00""S","70°00'00""W","3°00'00""S","70°00'00""W","3°00'00""S","71°00'00""W",-2,-71,SRTM1S03W071V3,SRTM1S03W071V3
SRTM1S03W072V3,2/11/2000 0:00,9/23/2014 0:00,1-ARC,,"2°00'00""S","72°00'00""W","2°00'00""S","71°00'00""W","3°00'00""S","71°00'00""W","3°00'00""S","72°00'00""W",-2,-72,SRTM1S03W072V3,SRTM1S03W072V3
SRTM1S03W073V3,2/11/2000 0:00,9/23/2014 0:00,1-ARC,,"2°00'00""S","73°00'00""W","2°00'00""S","72°00'00""W","3°00'00""S","72°00'00""W","3°00'00""S","73°00'00""W",-2,-73,SRTM1S03W073V3,SRTM1S03W073V3
SRTM1S03W074V3,2/11/2000 0:00,9/23/2014 0:00,1-ARC,,"2°00'00""S","74°00'00""W","2°00'00""S","73°00'00""W","3°00'00""S","73°00'00""W","3°00'00""S","74°00'00""W",-2,-74,SRTM1S03W074V3,SRTM1S03W074V3
SRTM1S03W075V3,2/11/2000 0:00,9/23/2014 0:00,1-ARC,,"2°00'00""S","75°00'00""W","2°00'00""S","74°00'00""W","3°00'00""S","74°00'00""W","3°00'00""S","75°00'00""W",-2,-75,SRTM1S03W075V3,SRTM1S03W075V3
SRTM1S03W076V3,2/11/2000 0:00,9/23/2014 0:00,1-ARC,,"2°00'00""S","76°00'00""W","2°00'00""S","75°00'00""W","3°00'00""S","75°00'00""W","3°00'00""S","76°00'00""W",-2,-76,SRTM1S03W076V3,SRTM1S03W076V3
SRTM1S03W077V3,2/11/2000 0:00,9/23/2014 0:00,1-ARC,,"2°00'00""S","77°00'00""W","2°00'00""S","76°00'00""W","3°00'00""S","76°00'00""W","3°00'00""S","77°00'00""W",-2,-77,SRTM1S03W077V3,SRTM1S03W077V3
SRTM1S03W078V3,2/11/2000 0:00,9/23/2014 0:00,1-ARC,,"2°00'00""S","78°00'00""W","2°00'00""S","77°00'00""W","3°00'00""S","77°00'00""W","3°00'00""S","78°00'00""W",-2,-78,SRTM1S03W078V3,SRTM1S03W078V3
SRTM1S04W071V3,2/11/2000 0:00,9/23/2014 0:00,1-ARC,,"3°00'00""S","71°00'00""W","3°00'00""S","70°00'00""W","4°00'00""S","70°00'00""W","4°00'00""S","71°00'00""W",-3,-71,SRTM1S04W071V3,SRTM1S04W071V3
SRTM1S04W072V3,2/11/2000 0:00,9/23/2014 0:00,1-ARC,,"3°00'00""S","72°00'00""W","3°00'00""S","71°00'00""W","4°00'00""S","71°00'00""W","4°00'00""S","72°00'00""W",-3,-72,SRTM1S04W072V3,SRTM1S04W072V3
SRTM1S04W073V3,2/11/2000 0:00,9/23/2014 0:00,1-ARC,,"3°00'00""S","73°00'00""W","3°00'00""S","72°00'00""W","4°00'00""S","72°00'00""W","4°00'00""S","73°00'00""W",-3,-73,SRTM1S04W073V3,SRTM1S04W073V3
SRTM1S04W074V3,2/11/2000 0:00,9/23/2014 0:00,1-ARC,,"3°00'00""S","74°00'00""W","3°00'00""S","73°00'00""W","4°00'00""S","73°00'00""W","4°00'00""S","74°00'00""W",-3,-74,SRTM1S04W074V3,SRTM1S04W074V3
SRTM1S04W075V3,2/11/2000 0:00,9/23/2014 0:00,1-ARC,,"3°00'00""S","75°00'00""W","3°00'00""S","74°00'00""W","4°00'00""S","74°00'00""W","4°00'00""S","75°00'00""W",-3,-75,SRTM1S04W075V3,SRTM1S04W075V3
SRTM1S04W076V3,2/11/2000 0:00,9/23/2014 0:00,1-ARC,,"3°00'00""S","76°00'00""W","3°00'00""S","75°00'00""W","4°00'00""S","75°00'00""W","4°00'00""S","76°00'00""W",-3,-76,SRTM1S04W076V3,SRTM1S04W076V3
SRTM1S04W077V3,2/11/2000 0:00,9/23/2014 0:00,1-ARC,,"3°00'00""S","77°00'00""W","3°00'00""S","76°00'00""W","4°00'00""S","76°00'00""W","4°00'00""S","77°00'00""W",-3,-77,SRTM1S04W077V3,SRTM1S04W077V3
SRTM1S04W078V3,2/11/2000 0:00,9/23/2014 0:00,1-ARC,,"3°00'00""S","78°00'00""W","3°00'00""S","77°00'00""W","4°00'00""S","77°00'00""W","4°00'00""S","78°00'00""W",-3,-78,SRTM1S04W078V3,SRTM1S04W078V3
SRTM1S04W079V3,2/11/2000 0:00,9/23/2014 0:00,1-ARC,,"3°00'00""S","79°00'00""W","3°00'00""S","78°00'00""W","4°00'00""S","78°00'00""W","4°00'00""S","79°00'00""W",-3,-79,SRTM1S04W079V3,SRTM1S04W079V3
SRTM1S04W081V3,2/11/2000 0:00,9/23/2014 0:00,1-ARC,,"3°00'00""S","81°00'00""W","3°00'00""S","80°00'00""W","4°00'00""S","80°00'00""W","4°00'00""S","81°00'00""W",-3,-81,SRTM1S04W081V3,SRTM1S04W081V3
SRTM1S05W070V3,2/11/2000 0:00,9/23/2014 0:00,1-ARC,,"4°00'00""S","70°00'00""W","4°00'00""S","69°00'00""W","5°00'00""S","69°00'00""W","5°00'00""S","70°00'00""W",-4,-70,SRTM1S05W070V3,SRTM1S05W070V3
SRTM1S05W071V3,2/11/2000 0:00,9/23/2014 0:00,1-ARC,,"4°00'00""S","71°00'00""W","4°00'00""S","70°00'00""W","5°00'00""S","70°00'00""W","5°00'00""S","71°00'00""W",-4,-71,SRTM1S05W071V3,SRTM1S05W071V3
SRTM1S05W072V3,2/11/2000 0:00,9/23/2014 0:00,1-ARC,,"4°00'00""S","72°00'00""W","4°00'00""S","71°00'00""W","5°00'00""S","71°00'00""W","5°00'00""S","72°00'00""W",-4,-72,SRTM1S05W072V3,SRTM1S05W072V3
SRTM1S05W073V3,2/11/2000 0:00,9/23/2014 0:00,1-ARC,,"4°00'00""S","73°00'00""W","4°00'00""S","72°00'00""W","5°00'00""S","72°00'00""W","5°00'00""S","73°00'00""W",-4,-73,SRTM1S05W073V3,SRTM1S05W073V3
SRTM1S05W074V3,2/11/2000 0:00,9/23/2014 0:00,1-ARC,,"4°00'00""S","74°00'00""W","4°00'00""S","73°00'00""W","5°00'00""S","73°00'00""W","5°00'00""S","74°00'00""W",-4,-74,SRTM1S05W074V3,SRTM1S05W074V3
SRTM1S05W075V3,2/11/2000 0:00,9/23/2014 0:00,1-ARC,,"4°00'00""S","75°00'00""W","4°00'00""S","74°00'00""W","5°00'00""S","74°00'00""W","5°00'00""S","75°00'00""W",-4,-75,SRTM1S05W075V3,SRTM1S05W075V3
SRTM1S05W076V3,2/11/2000 0:00,9/23/2014 0:00,1-ARC,,"4°00'00""S","76°00'00""W","4°00'00""S","75°00'00""W","5°00'00""S","75°00'00""W","5°00'00""S","76°00'00""W",-4,-76,SRTM1S05W076V3,SRTM1S05W076V3
SRTM1S05W077V3,2/11/2000 0:00,9/23/2014 0:00,1-ARC,,"4°00'00""S","77°00'00""W","4°00'00""S","76°00'00""W","5°00'00""S","76°00'00""W","5°00'00""S","77°00'00""W",-4,-77,SRTM1S05W077V3,SRTM1S05W077V3
SRTM1S05W078V3,2/11/2000 0:00,9/23/2014 0:00,1-ARC,,"4°00'00""S","78°00'00""W","4°00'00""S","77°00'00""W","5°00'00""S","77°00'00""W","5°00'00""S","78°00'00""W",-4,-78,SRTM1S05W078V3,SRTM1S05W078V3
SRTM1S05W079V3,2/11/2000 0:00,9/23/2014 0:00,1-ARC,,"4°00'00""S","79°00'00""W","4°00'00""S","78°00'00""W","5°00'00""S","78°00'00""W","5°00'00""S","79°00'00""W",-4,-79,SRTM1S05W079V3,SRTM1S05W079V3
SRTM1S05W080V3,2/11/2000 0:00,9/23/2014 0:00,1-ARC,,"4°00'00""S","80°00'00""W","4°00'00""S","79°00'00""W","5°00'00""S","79°00'00""W","5°00'00""S","80°00'00""W",-4,-80,SRTM1S05W080V3,SRTM1S05W080V3
SRTM1S05W081V3,2/11/2000 0:00,9/23/2014 0:00,1-ARC,,"4°00'00""S","81°00'00""W","4°00'00""S","80°00'00""W","5°00'00""S","80°00'00""W","5°00'00""S","81°00'00""W",-4,-81,SRTM1S05W081V3,SRTM1S05W081V3
SRTM1S05W082V3,2/11/2000 0:00,9/23/2014 0:00,1-ARC,,"4°00'00""S","82°00'00""W","4°00'00""S","81°00'00""W","5°00'00""S","81°00'00""W","5°00'00""S","82°00'00""W",-4,-82,SRTM1S05W082V3,SRTM1S05W082V3
SRTM1S06W072V3,2/11/2000 0:00,9/23/2014 0:00,1-ARC,,"5°00'00""S","72°00'00""W","5°00'00""S","71°00'00""W","6°00'00""S","71°00'00""W","6°00'00""S","72°00'00""W",-5,-72,SRTM1S06W072V3,SRTM1S06W072V3
SRTM1S06W073V3,2/11/2000 0:00,9/23/2014 0:00,1-ARC,,"5°00'00""S","73°00'00""W","5°00'00""S","72°00'00""W","6°00'00""S","72°00'00""W","6°00'00""S","73°00'00""W",-5,-73,SRTM1S06W073V3,SRTM1S06W073V3
SRTM1S06W074V3,2/11/2000 0:00,9/23/2014 0:00,1-ARC,,"5°00'00""S","74°00'00""W","5°00'00""S","73°00'00""W","6°00'00""S","73°00'00""W","6°00'00""S","74°00'00""W",-5,-74,SRTM1S06W074V3,SRTM1S06W074V3
SRTM1S06W075V3,2/11/2000 0:00,9/23/2014 0:00,1-ARC,,"5°00'00""S","75°00'00""W","5°00'00""S","74°00'00""W","6°00'00""S","74°00'00""W","6°00'00""S","75°00'00""W",-5,-75,SRTM1S06W075V3,SRTM1S06W075V3
SRTM1S06W076V3,2/11/2000 0:00,9/23/2014 0:00,1-ARC,,"5°00'00""S","76°00'00""W","5°00'00""S","75°00'00""W","6°00'00""S","75°00'00""W","6°00'00""S","76°00'00""W",-5,-76,SRTM1S06W076V3,SRTM1S06W076V3
SRTM1S06W077V3,2/11/2000 0:00,9/23/2014 0:00,1-ARC,,"5°00'00""S","77°00'00""W","5°00'00""S","76°00'00""W","6°00'00""S","76°00'00""W","6°00'00""S","77°00'00""W",-5,-77,SRTM1S06W077V3,SRTM1S06W077V3
SRTM1S06W078V3,2/11/2000 0:00,9/23/2014 0:00,1-ARC,,"5°00'00""S","78°00'00""W","5°00'00""S","77°00'00""W","6°00'00""S","77°00'00""W","6°00'00""S","78°00'00""W",-5,-78,SRTM1S06W078V3,SRTM1S06W078V3
SRTM1S06W079V3,2/11/2000 0:00,9/23/2014 0:00,1-ARC,,"5°00'00""S","79°00'00""W","5°00'00""S","78°00'00""W","6°00'00""S","78°00'00""W","6°00'00""S","79°00'00""W",-5,-79,SRTM1S06W079V3,SRTM1S06W079V3
SRTM1S06W080V3,2/11/2000 0:00,9/23/2014 0:00,1-ARC,,"5°00'00""S","80°00'00""W","5°00'00""S","79°00'00""W","6°00'00""S","79°00'00""W","6°00'00""S","80°00'00""W",-5,-80,SRTM1S06W080V3,SRTM1S06W080V3
SRTM1S06W081V3,2/11/2000 0:00,9/23/2014 0:00,1-ARC,,"5°00'00""S","81°00'00""W","5°00'00""S","80°00'00""W","6°00'00""S","80°00'00""W","6°00'00""S","81°00'00""W",-5,-81,SRTM1S06W081V3,SRTM1S06W081V3
SRTM1S06W082V3,2/11/2000 0:00,9/23/2014 0:00,1-ARC,,"5°00'00""S","82°00'00""W","5°00'00""S","81°00'00""W","6°00'00""S","81°00'00""W","6°00'00""S","82°00'00""W",-5,-82,SRTM1S06W082V3,SRTM1S06W082V3
SRTM1S07W074V3,2/11/2000 0:00,9/23/2014 0:00,1-ARC,,"6°00'00""S","74°00'00""W","6°00'00""S","73°00'00""W","7°00'00""S","73°00'00""W","7°00'00""S","74°00'00""W",-6,-74,SRTM1S07W074V3,SRTM1S07W074V3
SRTM1S07W075V3,2/11/2000 0:00,9/23/2014 0:00,1-ARC,,"6°00'00""S","75°00'00""W","6°00'00""S","74°00'00""W","7°00'00""S","74°00'00""W","7°00'00""S","75°00'00""W",-6,-75,SRTM1S07W075V3,SRTM1S07W075V3
SRTM1S07W076V3,2/11/2000 0:00,9/23/2014 0:00,1-ARC,,"6°00'00""S","76°00'00""W","6°00'00""S","75°00'00""W","7°00'00""S","75°00'00""W","7°00'00""S","76°00'00""W",-6,-76,SRTM1S07W076V3,SRTM1S07W076V3
SRTM1S07W077V3,2/11/2000 0:00,9/23/2014 0:00,1-ARC,,"6°00'00""S","77°00'00""W","6°00'00""S","76°00'00""W","7°00'00""S","76°00'00""W","7°00'00""S","77°00'00""W",-6,-77,SRTM1S07W077V3,SRTM1S07W077V3
SRTM1S07W078V3,2/11/2000 0:00,9/23/2014 0:00,1-ARC,,"6°00'00""S","78°00'00""W","6°00'00""S","77°00'00""W","7°00'00""S","77°00'00""W","7°00'00""S","78°00'00""W",-6,-78,SRTM1S07W078V3,SRTM1S07W078V3
SRTM1S07W079V3,2/11/2000 0:00,9/23/2014 0:00,1-ARC,,"6°00'00""S","79°00'00""W","6°00'00""S","78°00'00""W","7°00'00""S","78°00'00""W","7°00'00""S","79°00'00""W",-6,-79,SRTM1S07W079V3,SRTM1S07W079V3
SRTM1S07W080V3,2/11/2000 0:00,9/23/2014 0:00,1-ARC,,"6°00'00""S","80°00'00""W","6°00'00""S","79°00'00""W","7°00'00""S","79°00'00""W","7°00'00""S","80°00'00""W",-6,-80,SRTM1S07W080V3,SRTM1S07W080V3
SRTM1S07W081V3,2/11/2000 0:00,9/23/2014 0:00,1-ARC,,"6°00'00""S","81°00'00""W","6°00'00""S","80°00'00""W","7°00'00""S","80°00'00""W","7°00'00""S","81°00'00""W",-6,-81,SRTM1S07W081V3,SRTM1S07W081V3
SRTM1S07W082V3,2/11/2000 0:00,9/23/2014 0:00,1-ARC,,"6°00'00""S","82°00'00""W","6°00'00""S","81°00'00""W","7°00'00""S","81°00'00""W","7°00'00""S","82°00'00""W",-6,-82,SRTM1S07W082V3,SRTM1S07W082V3
SRTM1S08W074V3,2/11/2000 0:00,9/23/2014 0:00,1-ARC,,"7°00'00""S","74°00'00""W","7°00'00""S","73°00'00""W","8°00'00""S","73°00'00""W","8°00'00""S","74°00'00""W",-7,-74,SRTM1S08W074V3,SRTM1S08W074V3
SRTM1S08W075V3,2/11/2000 0:00,9/23/2014 0:00,1-ARC,,"7°00'00""S","75°00'00""W","7°00'00""S","74°00'00""W","8°00'00""S","74°00'00""W","8°00'00""S","75°00'00""W",-7,-75,SRTM1S08W075V3,SRTM1S08W075V3
SRTM1S08W076V3,2/11/2000 0:00,9/23/2014 0:00,1-ARC,,"7°00'00""S","76°00'00""W","7°00'00""S","75°00'00""W","8°00'00""S","75°00'00""W","8°00'00""S","76°00'00""W",-7,-76,SRTM1S08W076V3,SRTM1S08W076V3
SRTM1S08W077V3,2/11/2000 0:00,9/23/2014 0:00,1-ARC,,"7°00'00""S","77°00'00""W","7°00'00""S","76°00'00""W","8°00'00""S","76°00'00""W","8°00'00""S","77°00'00""W",-7,-77,SRTM1S08W077V3,SRTM1S08W077V3
SRTM1S08W078V3,2/11/2000 0:00,9/23/2014 0:00,1-ARC,,"7°00'00""S","78°00'00""W","7°00'00""S","77°00'00""W","8°00'00""S","77°00'00""W","8°00'00""S","78°00'00""W",-7,-78,SRTM1S08W078V3,SRTM1S08W078V3
SRTM1S08W079V3,2/11/2000 0:00,9/23/2014 0:00,1-ARC,,"7°00'00""S","79°00'00""W","7°00'00""S","78°00'00""W","8°00'00""S","78°00'00""W","8°00'00""S","79°00'00""W",-7,-79,SRTM1S08W079V3,SRTM1S08W079V3
SRTM1S08W080V3,2/11/2000 0:00,9/23/2014 0:00,1-ARC,,"7°00'00""S","80°00'00""W","7°00'00""S","79°00'00""W","8°00'00""S","79°00'00""W","8°00'00""S","80°00'00""W",-7,-80,SRTM1S08W080V3,SRTM1S08W080V3
SRTM1S09W073V3,2/11/2000 0:00,9/23/2014 0:00,1-ARC,,"8°00'00""S","73°00'00""W","8°00'00""S","72°00'00""W","9°00'00""S","72°00'00""W","9°00'00""S","73°00'00""W",-8,-73,SRTM1S09W073V3,SRTM1S09W073V3
SRTM1S09W074V3,2/11/2000 0:00,9/23/2014 0:00,1-ARC,,"8°00'00""S","74°00'00""W","8°00'00""S","73°00'00""W","9°00'00""S","73°00'00""W","9°00'00""S","74°00'00""W",-8,-74,SRTM1S09W074V3,SRTM1S09W074V3
SRTM1S09W075V3,2/11/2000 0:00,9/23/2014 0:00,1-ARC,,"8°00'00""S","75°00'00""W","8°00'00""S","74°00'00""W","9°00'00""S","74°00'00""W","9°00'00""S","75°00'00""W",-8,-75,SRTM1S09W075V3,SRTM1S09W075V3
SRTM1S09W076V3,2/11/2000 0:00,9/23/2014 0:00,1-ARC,,"8°00'00""S","76°00'00""W","8°00'00""S","75°00'00""W","9°00'00""S","75°00'00""W","9°00'00""S","76°00'00""W",-8,-76,SRTM1S09W076V3,SRTM1S09W076V3
SRTM1S09W077V3,2/11/2000 0:00,9/23/2014 0:00,1-ARC,,"8°00'00""S","77°00'00""W","8°00'00""S","76°00'00""W","9°00'00""S","76°00'00""W","9°00'00""S","77°00'00""W",-8,-77,SRTM1S09W077V3,SRTM1S09W077V3
SRTM1S09W078V3,2/11/2000 0:00,9/23/2014 0:00,1-ARC,,"8°00'00""S","78°00'00""W","8°00'00""S","77°00'00""W","9°00'00""S","77°00'00""W","9°00'00""S","78°00'00""W",-8,-78,SRTM1S09W078V3,SRTM1S09W078V3
SRTM1S09W079V3,2/11/2000 0:00,9/23/2014 0:00,1-ARC,,"8°00'00""S","79°00'00""W","8°00'00""S","78°00'00""W","9°00'00""S","78°00'00""W","9°00'00""S","79°00'00""W",-8,-79,SRTM1S09W079V3,SRTM1S09W079V3
SRTM1S09W080V3,2/11/2000 0:00,9/23/2014 0:00,1-ARC,,"8°00'00""S","80°00'00""W","8°00'00""S","79°00'00""W","9°00'00""S","79°00'00""W","9°00'00""S","80°00'00""W",-8,-80,SRTM1S09W080V3,SRTM1S09W080V3
SRTM1S10W071V3,2/11/2000 0:00,9/23/2014 0:00,1-ARC,,"9°00'00""S","71°00'00""W","9°00'00""S","70°00'00""W","10°00'00""S","70°00'00""W","10°00'00""S","71°00'00""W",-9,-71,SRTM1S10W071V3,SRTM1S10W071V3
SRTM1S10W072V3,2/11/2000 0:00,9/23/2014 0:00,1-ARC,,"9°00'00""S","72°00'00""W","9°00'00""S","71°00'00""W","10°00'00""S","71°00'00""W","10°00'00""S","72°00'00""W",-9,-72,SRTM1S10W072V3,SRTM1S10W072V3
SRTM1S10W073V3,2/11/2000 0:00,9/23/2014 0:00,1-ARC,,"9°00'00""S","73°00'00""W","9°00'00""S","72°00'00""W","10°00'00""S","72°00'00""W","10°00'00""S","73°00'00""W",-9,-73,SRTM1S10W073V3,SRTM1S10W073V3
SRTM1S10W074V3,2/11/2000 0:00,9/23/2014 0:00,1-ARC,,"9°00'00""S","74°00'00""W","9°00'00""S","73°00'00""W","10°00'00""S","73°00'00""W","10°00'00""S","74°00'00""W",-9,-74,SRTM1S10W074V3,SRTM1S10W074V3
SRTM1S10W075V3,2/11/2000 0:00,9/23/2014 0:00,1-ARC,,"9°00'00""S","75°00'00""W","9°00'00""S","74°00'00""W","10°00'00""S","74°00'00""W","10°00'00""S","75°00'00""W",-9,-75,SRTM1S10W075V3,SRTM1S10W075V3
SRTM1S10W076V3,2/11/2000 0:00,9/23/2014 0:00,1-ARC,,"9°00'00""S","76°00'00""W","9°00'00""S","75°00'00""W","10°00'00""S","75°00'00""W","10°00'00""S","76°00'00""W",-9,-76,SRTM1S10W076V3,SRTM1S10W076V3
SRTM1S10W077V3,2/11/2000 0:00,9/23/2014 0:00,1-ARC,,"9°00'00""S","77°00'00""W","9°00'00""S","76°00'00""W","10°00'00""S","76°00'00""W","10°00'00""S","77°00'00""W",-9,-77,SRTM1S10W077V3,SRTM1S10W077V3
SRTM1S10W078V3,2/11/2000 0:00,9/23/2014 0:00,1-ARC,,"9°00'00""S","78°00'00""W","9°00'00""S","77°00'00""W","10°00'00""S","77°00'00""W","10°00'00""S","78°00'00""W",-9,-78,SRTM1S10W078V3,SRTM1S10W078V3
SRTM1S10W079V3,2/11/2000 0:00,9/23/2014 0:00,1-ARC,,"9°00'00""S","79°00'00""W","9°00'00""S","78°00'00""W","10°00'00""S","78°00'00""W","10°00'00""S","79°00'00""W",-9,-79,SRTM1S10W079V3,SRTM1S10W079V3
SRTM1S11W070V3,2/11/2000 0:00,9/23/2014 0:00,1-ARC,,"10°00'00""S","70°00'00""W","10°00'00""S","69°00'00""W","11°00'00""S","69°00'00""W","11°00'00""S","70°00'00""W",-10,-70,SRTM1S11W070V3,SRTM1S11W070V3
SRTM1S11W071V3,2/11/2000 0:00,9/23/2014 0:00,1-ARC,,"10°00'00""S","71°00'00""W","10°00'00""S","70°00'00""W","11°00'00""S","70°00'00""W","11°00'00""S","71°00'00""W",-10,-71,SRTM1S11W071V3,SRTM1S11W071V3
SRTM1S11W072V3,2/11/2000 0:00,9/23/2014 0:00,1-ARC,,"10°00'00""S","72°00'00""W","10°00'00""S","71°00'00""W","11°00'00""S","71°00'00""W","11°00'00""S","72°00'00""W",-10,-72,SRTM1S11W072V3,SRTM1S11W072V3
SRTM1S11W073V3,2/11/2000 0:00,9/23/2014 0:00,1-ARC,,"10°00'00""S","73°00'00""W","10°00'00""S","72°00'00""W","11°00'00""S","72°00'00""W","11°00'00""S","73°00'00""W",-10,-73,SRTM1S11W073V3,SRTM1S11W073V3
SRTM1S11W074V3,2/11/2000 0:00,9/23/2014 0:00,1-ARC,,"10°00'00""S","74°00'00""W","10°00'00""S","73°00'00""W","11°00'00""S","73°00'00""W","11°00'00""S","74°00'00""W",-10,-74,SRTM1S11W074V3,SRTM1S11W074V3
SRTM1S11W075V3,2/11/2000 0:00,9/23/2014 0:00,1-ARC,,"10°00'00""S","75°00'00""W","10°00'00""S","74°00'00""W","11°00'00""S","74°00'00""W","11°00'00""S","75°00'00""W",-10,-75,SRTM1S11W075V3,SRTM1S11W075V3
SRTM1S11W076V3,2/11/2000 0:00,9/23/2014 0:00,1-ARC,,"10°00'00""S","76°00'00""W","10°00'00""S","75°00'00""W","11°00'00""S","75°00'00""W","11°00'00""S","76°00'00""W",-10,-76,SRTM1S11W076V3,SRTM1S11W076V3
SRTM1S11W077V3,2/11/2000 0:00,9/23/2014 0:00,1-ARC,,"10°00'00""S","77°00'00""W","10°00'00""S","76°00'00""W","11°00'00""S","76°00'00""W","11°00'00""S","77°00'00""W",-10,-77,SRTM1S11W077V3,SRTM1S11W077V3
SRTM1S11W078V3,2/11/2000 0:00,9/23/2014 0:00,1-ARC,,"10°00'00""S","78°00'00""W","10°00'00""S","77°00'00""W","11°00'00""S","77°00'00""W","11°00'00""S","78°00'00""W",-10,-78,SRTM1S11W078V3,SRTM1S11W078V3
SRTM1S11W079V3,2/11/2000 0:00,9/23/2014 0:00,1-ARC,,"10°00'00""S","79°00'00""W","10°00'00""S","78°00'00""W","11°00'00""S","78°00'00""W","11°00'00""S","79°00'00""W",-10,-79,SRTM1S11W079V3,SRTM1S11W079V3
SRTM1S12W070V3,2/11/2000 0:00,9/23/2014 0:00,1-ARC,,"11°00'00""S","70°00'00""W","11°00'00""S","69°00'00""W","12°00'00""S","69°00'00""W","12°00'00""S","70°00'00""W",-11,-70,SRTM1S12W070V3,SRTM1S12W070V3
SRTM1S12W071V3,2/11/2000 0:00,9/23/2014 0:00,1-ARC,,"11°00'00""S","71°00'00""W","11°00'00""S","70°00'00""W","12°00'00""S","70°00'00""W","12°00'00""S","71°00'00""W",-11,-71,SRTM1S12W071V3,SRTM1S12W071V3
SRTM1S12W072V3,2/11/2000 0:00,9/23/2014 0:00,1-ARC,,"11°00'00""S","72°00'00""W","11°00'00""S","71°00'00""W","12°00'00""S","71°00'00""W","12°00'00""S","72°00'00""W",-11,-72,SRTM1S12W072V3,SRTM1S12W072V3
SRTM1S12W073V3,2/11/2000 0:00,9/23/2014 0:00,1-ARC,,"11°00'00""S","73°00'00""W","11°00'00""S","72°00'00""W","12°00'00""S","72°00'00""W","12°00'00""S","73°00'00""W",-11,-73,SRTM1S12W073V3,SRTM1S12W073V3
SRTM1S12W074V3,2/11/2000 0:00,9/23/2014 0:00,1-ARC,,"11°00'00""S","74°00'00""W","11°00'00""S","73°00'00""W","12°00'00""S","73°00'00""W","12°00'00""S","74°00'00""W",-11,-74,SRTM1S12W074V3,SRTM1S12W074V3
SRTM1S12W075V3,2/11/2000 0:00,9/23/2014 0:00,1-ARC,,"11°00'00""S","75°00'00""W","11°00'00""S","74°00'00""W","12°00'00""S","74°00'00""W","12°00'00""S","75°00'00""W",-11,-75,SRTM1S12W075V3,SRTM1S12W075V3
SRTM1S12W076V3,2/11/2000 0:00,9/23/2014 0:00,1-ARC,,"11°00'00""S","76°00'00""W","11°00'00""S","75°00'00""W","12°00'00""S","75°00'00""W","12°00'00""S","76°00'00""W",-11,-76,SRTM1S12W076V3,SRTM1S12W076V3
SRTM1S12W077V3,2/11/2000 0:00,9/23/2014 0:00,1-ARC,,"11°00'00""S","77°00'00""W","11°00'00""S","76°00'00""W","12°00'00""S","76°00'00""W","12°00'00""S","77°00'00""W",-11,-77,SRTM1S12W077V3,SRTM1S12W077V3
SRTM1S12W078V3,2/11/2000 0:00,9/23/2014 0:00,1-ARC,,"11°00'00""S","78°00'00""W","11°00'00""S","77°00'00""W","12°00'00""S","77°00'00""W","12°00'00""S","78°00'00""W",-11,-78,SRTM1S12W078V3,SRTM1S12W078V3
SRTM1S13W069V3,2/11/2000 0:00,9/23/2014 0:00,1-ARC,,"12°00'00""S","69°00'00""W","12°00'00""S","68°00'00""W","13°00'00""S","68°00'00""W","13°00'00""S","69°00'00""W",-12,-69,SRTM1S13W069V3,SRTM1S13W069V3
SRTM1S13W070V3,2/11/2000 0:00,9/23/2014 0:00,1-ARC,,"12°00'00""S","70°00'00""W","12°00'00""S","69°00'00""W","13°00'00""S","69°00'00""W","13°00'00""S","70°00'00""W",-12,-70,SRTM1S13W070V3,SRTM1S13W070V3
SRTM1S13W071V3,2/11/2000 0:00,9/23/2014 0:00,1-ARC,,"12°00'00""S","71°00'00""W","12°00'00""S","70°00'00""W","13°00'00""S","70°00'00""W","13°00'00""S","71°00'00""W",-12,-71,SRTM1S13W071V3,SRTM1S13W071V3
SRTM1S13W072V3,2/11/2000 0:00,9/23/2014 0:00,1-ARC,,"12°00'00""S","72°00'00""W","12°00'00""S","71°00'00""W","13°00'00""S","71°00'00""W","13°00'00""S","72°00'00""W",-12,-72,SRTM1S13W072V3,SRTM1S13W072V3
SRTM1S13W073V3,2/11/2000 0:00,9/23/2014 0:00,1-ARC,,"12°00'00""S","73°00'00""W","12°00'00""S","72°00'00""W","13°00'00""S","72°00'00""W","13°00'00""S","73°00'00""W",-12,-73,SRTM1S13W073V3,SRTM1S13W073V3
SRTM1S13W074V3,2/11/2000 0:00,9/23/2014 0:00,1-ARC,,"12°00'00""S","74°00'00""W","12°00'00""S","73°00'00""W","13°00'00""S","73°00'00""W","13°00'00""S","74°00'00""W",-12,-74,SRTM1S13W074V3,SRTM1S13W074V3
SRTM1S13W075V3,2/11/2000 0:00,9/23/2014 0:00,1-ARC,,"12°00'00""S","75°00'00""W","12°00'00""S","74°00'00""W","13°00'00""S","74°00'00""W","13°00'00""S","75°00'00""W",-12,-75,SRTM1S13W075V3,SRTM1S13W075V3
SRTM1S13W076V3,2/11/2000 0:00,9/23/2014 0:00,1-ARC,,"12°00'00""S","76°00'00""W","12°00'00""S","75°00'00""W","13°00'00""S","75°00'00""W","13°00'00""S","76°00'00""W",-12,-76,SRTM1S13W076V3,SRTM1S13W076V3
SRTM1S13W077V3,2/11/2000 0:00,9/23/2014 0:00,1-ARC,,"12°00'00""S","77°00'00""W","12°00'00""S","76°00'00""W","13°00'00""S","76°00'00""W","13°00'00""S","77°00'00""W",-12,-77,SRTM1S13W077V3,SRTM1S13W077V3
SRTM1S13W078V3,2/11/2000 0:00,9/23/2014 0:00,1-ARC,,"12°00'00""S","78°00'00""W","12°00'00""S","77°00'00""W","13°00'00""S","77°00'00""W","13°00'00""S","78°00'00""W",-12,-78,SRTM1S13W078V3,SRTM1S13W078V3
SRTM1S14W069V3,2/11/2000 0:00,9/23/2014 0:00,1-ARC,,"13°00'00""S","69°00'00""W","13°00'00""S","68°00'00""W","14°00'00""S","68°00'00""W","14°00'00""S","69°00'00""W",-13,-69,SRTM1S14W069V3,SRTM1S14W069V3
SRTM1S14W070V3,2/11/2000 0:00,9/23/2014 0:00,1-ARC,,"13°00'00""S","70°00'00""W","13°00'00""S","69°00'00""W","14°00'00""S","69°00'00""W","14°00'00""S","70°00'00""W",-13,-70,SRTM1S14W070V3,SRTM1S14W070V3
SRTM1S14W071V3,2/11/2000 0:00,9/23/2014 0:00,1-ARC,,"13°00'00""S","71°00'00""W","13°00'00""S","70°00'00""W","14°00'00""S","70°00'00""W","14°00'00""S","71°00'00""W",-13,-71,SRTM1S14W071V3,SRTM1S14W071V3
SRTM1S14W072V3,2/11/2000 0:00,9/23/2014 0:00,1-ARC,,"13°00'00""S","72°00'00""W","13°00'00""S","71°00'00""W","14°00'00""S","71°00'00""W","14°00'00""S","72°00'00""W",-13,-72,SRTM1S14W072V3,SRTM1S14W072V3
SRTM1S14W073V3,2/11/2000 0:00,9/23/2014 0:00,1-ARC,,"13°00'00""S","73°00'00""W","13°00'00""S","72°00'00""W","14°00'00""S","72°00'00""W","14°00'00""S","73°00'00""W",-13,-73,SRTM1S14W073V3,SRTM1S14W073V3
SRTM1S14W074V3,2/11/2000 0:00,9/23/2014 0:00,1-ARC,,"13°00'00""S","74°00'00""W","13°00'00""S","73°00'00""W","14°00'00""S","73°00'00""W","14°00'00""S","74°00'00""W",-13,-74,SRTM1S14W074V3,SRTM1S14W074V3
SRTM1S14W075V3,2/11/2000 0:00,9/23/2014 0:00,1-ARC,,"13°00'00""S","75°00'00""W","13°00'00""S","74°00'00""W","14°00'00""S","74°00'00""W","14°00'00""S","75°00'00""W",-13,-75,SRTM1S14W075V3,SRTM1S14W075V3
SRTM1S14W076V3,2/11/2000 0:00,9/23/2014 0:00,1-ARC,,"13°00'00""S","76°00'00""W","13°00'00""S","75°00'00""W","14°00'00""S","75°00'00""W","14°00'00""S","76°00'00""W",-13,-76,SRTM1S14W076V3,SRTM1S14W076V3
SRTM1S14W077V3,2/11/2000 0:00,9/23/2014 0:00,1-ARC,,"13°00'00""S","77°00'00""W","13°00'00""S","76°00'00""W","14°00'00""S","76°00'00""W","14°00'00""S","77°00'00""W",-13,-77,SRTM1S14W077V3,SRTM1S14W077V3
SRTM1S15W069V3,2/11/2000 0:00,9/23/2014 0:00,1-ARC,,"14°00'00""S","69°00'00""W","14°00'00""S","68°00'00""W","15°00'00""S","68°00'00""W","15°00'00""S","69°00'00""W",-14,-69,SRTM1S15W069V3,SRTM1S15W069V3
SRTM1S15W070V3,2/11/2000 0:00,9/23/2014 0:00,1-ARC,,"14°00'00""S","70°00'00""W","14°00'00""S","69°00'00""W","15°00'00""S","69°00'00""W","15°00'00""S","70°00'00""W",-14,-70,SRTM1S15W070V3,SRTM1S15W070V3
SRTM1S15W071V3,2/11/2000 0:00,9/23/2014 0:00,1-ARC,,"14°00'00""S","71°00'00""W","14°00'00""S","70°00'00""W","15°00'00""S","70°00'00""W","15°00'00""S","71°00'00""W",-14,-71,SRTM1S15W071V3,SRTM1S15W071V3
SRTM1S15W072V3,2/11/2000 0:00,9/23/2014 0:00,1-ARC,,"14°00'00""S","72°00'00""W","14°00'00""S","71°00'00""W","15°00'00""S","71°00'00""W","15°00'00""S","72°00'00""W",-14,-72,SRTM1S15W072V3,SRTM1S15W072V3
SRTM1S15W073V3,2/11/2000 0:00,9/23/2014 0:00,1-ARC,,"14°00'00""S","73°00'00""W","14°00'00""S","72°00'00""W","15°00'00""S","72°00'00""W","15°00'00""S","73°00'00""W",-14,-73,SRTM1S15W073V3,SRTM1S15W073V3
SRTM1S15W074V3,2/11/2000 0:00,9/23/2014 0:00,1-ARC,,"14°00'00""S","74°00'00""W","14°00'00""S","73°00'00""W","15°00'00""S","73°00'00""W","15°00'00""S","74°00'00""W",-14,-74,SRTM1S15W074V3,SRTM1S15W074V3
SRTM1S15W075V3,2/11/2000 0:00,9/23/2014 0:00,1-ARC,,"14°00'00""S","75°00'00""W","14°00'00""S","74°00'00""W","15°00'00""S","74°00'00""W","15°00'00""S","75°00'00""W",-14,-75,SRTM1S15W075V3,SRTM1S15W075V3
SRTM1S15W076V3,2/11/2000 0:00,9/23/2014 0:00,1-ARC,,"14°00'00""S","76°00'00""W","14°00'00""S","75°00'00""W","15°00'00""S","75°00'00""W","15°00'00""S","76°00'00""W",-14,-76,SRTM1S15W076V3,SRTM1S15W076V3
SRTM1S15W077V3,2/11/2000 0:00,9/23/2014 0:00,1-ARC,,"14°00'00""S","77°00'00""W","14°00'00""S","76°00'00""W","15°00'00""S","76°00'00""W","15°00'00""S","77°00'00""W",-14,-77,SRTM1S15W077V3,SRTM1S15W077V3
SRTM1S16W069V3,2/11/2000 0:00,9/23/2014 0:00,1-ARC,,"15°00'00""S","69°00'00""W","15°00'00""S","68°00'00""W","16°00'00""S","68°00'00""W","16°00'00""S","69°00'00""W",-15,-69,SRTM1S16W069V3,SRTM1S16W069V3
SRTM1S16W070V3,2/11/2000 0:00,9/23/2014 0:00,1-ARC,,"15°00'00""S","70°00'00""W","15°00'00""S","69°00'00""W","16°00'00""S","69°00'00""W","16°00'00""S","70°00'00""W",-15,-70,SRTM1S16W070V3,SRTM1S16W070V3
SRTM1S16W071V3,2/11/2000 0:00,9/23/2014 0:00,1-ARC,,"15°00'00""S","71°00'00""W","15°00'00""S","70°00'00""W","16°00'00""S","70°00'00""W","16°00'00""S","71°00'00""W",-15,-71,SRTM1S16W071V3,SRTM1S16W071V3
SRTM1S16W072V3,2/11/2000 0:00,9/23/2014 0:00,1-ARC,,"15°00'00""S","72°00'00""W","15°00'00""S","71°00'00""W","16°00'00""S","71°00'00""W","16°00'00""S","72°00'00""W",-15,-72,SRTM1S16W072V3,SRTM1S16W072V3
SRTM1S16W073V3,2/11/2000 0:00,9/23/2014 0:00,1-ARC,,"15°00'00""S","73°00'00""W","15°00'00""S","72°00'00""W","16°00'00""S","72°00'00""W","16°00'00""S","73°00'00""W",-15,-73,SRTM1S16W073V3,SRTM1S16W073V3
SRTM1S16W074V3,2/11/2000 0:00,9/23/2014 0:00,1-ARC,,"15°00'00""S","74°00'00""W","15°00'00""S","73°00'00""W","16°00'00""S","73°00'00""W","16°00'00""S","74°00'00""W",-15,-74,SRTM1S16W074V3,SRTM1S16W074V3
SRTM1S16W075V3,2/11/2000 0:00,9/23/2014 0:00,1-ARC,,"15°00'00""S","75°00'00""W","15°00'00""S","74°00'00""W","16°00'00""S","74°00'00""W","16°00'00""S","75°00'00""W",-15,-75,SRTM1S16W075V3,SRTM1S16W075V3
SRTM1S16W076V3,2/11/2000 0:00,9/23/2014 0:00,1-ARC,,"15°00'00""S","76°00'00""W","15°00'00""S","75°00'00""W","16°00'00""S","75°00'00""W","16°00'00""S","76°00'00""W",-15,-76,SRTM1S16W076V3,SRTM1S16W076V3
SRTM1S17W069V3,2/11/2000 0:00,9/23/2014 0:00,1-ARC,,"16°00'00""S","69°00'00""W","16°00'00""S","68°00'00""W","17°00'00""S","68°00'00""W","17°00'00""S","69°00'00""W",-16,-69,SRTM1S17W069V3,SRTM1S17W069V3
SRTM1S17W070V3,2/11/2000 0:00,9/23/2014 0:00,1-ARC,,"16°00'00""S","70°00'00""W","16°00'00""S","69°00'00""W","17°00'00""S","69°00'00""W","17°00'00""S","70°00'00""W",-16,-70,SRTM1S17W070V3,SRTM1S17W070V3
SRTM1S17W071V3,2/11/2000 0:00,9/23/2014 0:00,1-ARC,,"16°00'00""S","71°00'00""W","16°00'00""S","70°00'00""W","17°00'00""S","70°00'00""W","17°00'00""S","71°00'00""W",-16,-71,SRTM1S17W071V3,SRTM1S17W071V3
SRTM1S17W072V3,2/11/2000 0:00,9/23/2014 0:00,1-ARC,,"16°00'00""S","72°00'00""W","16°00'00""S","71°00'00""W","17°00'00""S","71°00'00""W","17°00'00""S","72°00'00""W",-16,-72,SRTM1S17W072V3,SRTM1S17W072V3
SRTM1S17W073V3,2/11/2000 0:00,9/23/2014 0:00,1-ARC,,"16°00'00""S","73°00'00""W","16°00'00""S","72°00'00""W","17°00'00""S","72°00'00""W","17°00'00""S","73°00'00""W",-16,-73,SRTM1S17W073V3,SRTM1S17W073V3
SRTM1S17W074V3,2/11/2000 0:00,9/23/2014 0:00,1-ARC,,"16°00'00""S","74°00'00""W","16°00'00""S","73°00'00""W","17°00'00""S","73°00'00""W","17°00'00""S","74°00'00""W",-16,-74,SRTM1S17W074V3,SRTM1S17W074V3
SRTM1S18W070V3,2/11/2000 0:00,9/23/2014 0:00,1-ARC,,"17°00'00""S","70°00'00""W","17°00'00""S","69°00'00""W","18°00'00""S","69°00'00""W","18°00'00""S","70°00'00""W",-17,-70,SRTM1S18W070V3,SRTM1S18W070V3
SRTM1S18W071V3,2/11/2000 0:00,9/23/2014 0:00,1-ARC,,"17°00'00""S","71°00'00""W","17°00'00""S","70°00'00""W","18°00'00""S","70°00'00""W","18°00'00""S","71°00'00""W",-17,-71,SRTM1S18W071V3,SRTM1S18W071V3
SRTM1S18W072V3,2/11/2000 0:00,9/23/2014 0:00,1-ARC,,"17°00'00""S","72°00'00""W","17°00'00""S","71°00'00""W","18°00'00""S","71°00'00""W","18°00'00""S","72°00'00""W",-17,-72,SRTM1S18W072V3,SRTM1S18W072V3
SRTM1S18W073V3,2/11/2000 0:00,9/23/2014 0:00,1-ARC,,"17°00'00""S","73°00'00""W","17°00'00""S","72°00'00""W","18°00'00""S","72°00'00""W","18°00'00""S","73°00'00""W",-17,-73,SRTM1S18W073V3,SRTM1S18W073V3
SRTM1S19W070V3,2/11/2000 0:00,9/23/2014 0:00,1-ARC,,"18°00'00""S","70°00'00""W","18°00'00""S","69°00'00""W","19°00'00""S","69°00'00""W","19°00'00""S","70°00'00""W",-18,-70,SRTM1S19W070V3,SRTM1S19W070V3
SRTM1S19W071V3,2/11/2000 0:00,9/23/2014 0:00,1-ARC,,"18°00'00""S","71°00'00""W","18°00'00""S","70°00'00""W","19°00'00""S","70°00'00""W","19°00'00""S","71°00'00""W",-18,-71,SRTM1S19W071V3,SRTM1S19W071V3
,,,,,,,,,,,,,0,-73,,
,,,,,,,,,,,,,0,-74,,
,,,,,,,,,,,,,0,-75,,
,,,,,,,,,,,,,-1,-71,,
,,,,,,,,,,,,,-1,-72,,
,,,,,,,,,,,,,-1,-73,,
,,,,,,,,,,,,,-1,-74,,
,,,,,,,,,,,,,-1,-75,,
,,,,,,,,,,,,,-1,-76,,
,,,,,,,,,,,,,-2,-70,,
,,,,,,,,,,,,,-2,-71,,
,,,,,,,,,,,,,-2,-72,,
,,,,,,,,,,,,,-2,-73,,
,,,,,,,,,,,,,-2,-74,,
,,,,,,,,,,,,,-2,-75,,
,,,,,,,,,,,,,-2,-76,,
,,,,,,,,,,,,,-2,-77,,
,,,,,,,,,,,,,-3,-70,,
,,,,,,,,,,,,,-3,-71,,
,,,,,,,,,,,,,-3,-72,,
,,,,,,,,,,,,,-3,-73,,
,,,,,,,,,,,,,-3,-74,,
,,,,,,,,,,,,,-3,-75,,
,,,,,,,,,,,,,-3,-76,,
,,,,,,,,,,,,,-3,-77,,
,,,,,,,,,,,,,-3,-78,,
,,,,,,,,,,,,,-3,-80,,
,,,,,,,,,,,,,-4,-69,,
,,,,,,,,,,,,,-4,-70,,
,,,,,,,,,,,,,-4,-71,,
,,,,,,,,,,,,,-4,-72,,
,,,,,,,,,,,,,-4,-73,,
,,,,,,,,,,,,,-4,-74,,
,,,,,,,,,,,,,-4,-75,,
,,,,,,,,,,,,,-4,-76,,
,,,,,,,,,,,,,-4,-77,,
,,,,,,,,,,,,,-4,-78,,
,,,,,,,,,,,,,-4,-79,,
,,,,,,,,,,,,,-4,-80,,
,,,,,,,,,,,,,-4,-81,,
,,,,,,,,,,,,,-5,-71,,
,,,,,,,,,,,,,-5,-72,,
,,,,,,,,,,,,,-5,-73,,
,,,,,,,,,,,,,-5,-74,,
,,,,,,,,,,,,,-5,-75,,
,,,,,,,,,,,,,-5,-76,,
,,,,,,,,,,,,,-5,-77,,
,,,,,,,,,,,,,-5,-78,,
,,,,,,,,,,,,,-5,-79,,
,,,,,,,,,,,,,-5,-80,,
,,,,,,,,,,,,,-5,-81,,
,,,,,,,,,,,,,-6,-73,,
,,,,,,,,,,,,,-6,-74,,
,,,,,,,,,,,,,-6,-75,,
,,,,,,,,,,,,,-6,-76,,
,,,,,,,,,,,,,-6,-77,,
,,,,,,,,,,,,,-6,-78,,
,,,,,,,,,,,,,-6,-79,,
,,,,,,,,,,,,,-6,-80,,
,,,,,,,,,,,,,-6,-81,,
,,,,,,,,,,,,,-7,-73,,
,,,,,,,,,,,,,-7,-74,,
,,,,,,,,,,,,,-7,-75,,
,,,,,,,,,,,,,-7,-76,,
,,,,,,,,,,,,,-7,-77,,
,,,,,,,,,,,,,-7,-78,,
,,,,,,,,,,,,,-7,-79,,
,,,,,,,,,,,,,-8,-72,,
,,,,,,,,,,,,,-8,-73,,
,,,,,,,,,,,,,-8,-74,,
,,,,,,,,,,,,,-8,-75,,
,,,,,,,,,,,,,-8,-76,,
,,,,,,,,,,,,,-8,-77,,
,,,,,,,,,,,,,-8,-78,,
,,,,,,,,,,,,,-8,-79,,
,,,,,,,,,,,,,-9,-70,,
,,,,,,,,,,,,,-9,-71,,
,,,,,,,,,,,,,-9,-72,,
,,,,,,,,,,,,,-9,-73,,
,,,,,,,,,,,,,-9,-74,,
,,,,,,,,,,,,,-9,-75,,
,,,,,,,,,,,,,-9,-76,,
,,,,,,,,,,,,,-9,-77,,
,,,,,,,,,,,,,-9,-78,,
,,,,,,,,,,,,,-10,-69,,
,,,,,,,,,,,,,-10,-70,,
,,,,,,,,,,,,,-10,-71,,
,,,,,,,,,,,,,-10,-72,,
,,,,,,,,,,,,,-10,-73,,
,,,,,,,,,,,,,-10,-74,,
,,,,,,,,,,,,,-10,-75,,
,,,,,,,,,,,,,-10,-76,,
,,,,,,,,,,,,,-10,-77,,
,,,,,,,,,,,,,-10,-78,,
,,,,,,,,,,,,,-11,-69,,
,,,,,,,,,,,,,-11,-70,,
,,,,,,,,,,,,,-11,-71,,
,,,,,,,,,,,,,-11,-72,,
,,,,,,,,,,,,,-11,-73,,
,,,,,,,,,,,,,-11,-74,,
,,,,,,,,,,,,,-11,-75,,
,,,,,,,,,,,,,-11,-76,,
,,,,,,,,,,,,,-11,-77,,
,,,,,,,,,,,,,-12,-68,,
,,,,,,,,,,,,,-12,-69,,
,,,,,,,,,,,,,-12,-70,,
,,,,,,,,,,,,,-12,-71,,
,,,,,,,,,,,,,-12,-72,,
,,,,,,,,,,,,,-12,-73,,
,,,,,,,,,,,,,-12,-74,,
,,,,,,,,,,,,,-12,-75,,
,,,,,,,,,,,,,-12,-76,,
,,,,,,,,,,,,,-12,-77,,
,,,,,,,,,,,,,-13,-68,,
,,,,,,,,,,,,,-13,-69,,
,,,,,,,,,,,,,-13,-70,,
,,,,,,,,,,,,,-13,-71,,
,,,,,,,,,,,,,-13,-72,,
,,,,,,,,,,,,,-13,-73,,
,,,,,,,,,,,,,-13,-74,,
,,,,,,,,,,,,,-13,-75,,
,,,,,,,,,,,,,-13,-76,,
,,,,,,,,,,,,,-14,-68,,
,,,,,,,,,,,,,-14,-69,,
,,,,,,,,,,,,,-14,-70,,
,,,,,,,,,,,,,-14,-71,,
,,,,,,,,,,,,,-14,-72,,
,,,,,,,,,,,,,-14,-73,,
,,,,,,,,,,,,,-14,-74,,
,,,,,,,,,,,,,-14,-75,,
,,,,,,,,,,,,,-14,-76,,
,,,,,,,,,,,,,-15,-68,,
,,,,,,,,,,,,,-15,-69,,
,,,,,,,,,,,,,-15,-70,,
,,,,,,,,,,,,,-15,-71,,
,,,,,,,,,,,,,-15,-72,,
,,,,,,,,,,,,,-15,-73,,
,,,,,,,,,,,,,-15,-74,,
,,,,,,,,,,,,,-15,-75,,
,,,,,,,,,,,,,-16,-68,,
,,,,,,,,,,,,,-16,-69,,
,,,,,,,,,,,,,-16,-70,,
,,,,,,,,,,,,,-16,-71,,
,,,,,,,,,,,,,-16,-72,,
,,,,,,,,,,,,,-16,-73,,
,,,,,,,,,,,,,-17,-69,,
,,,,,,,,,,,,,-17,-70,,
,,,,,,,,,,,,,-17,-71,,
,,,,,,,,,,,,,-17,-72,,
,,,,,,,,,,,,,-18,-69,,
,,,,,,,,,,,,,-18,-70,,
,,,,,,,,,,,,,-1,-73,,
,,,,,,,,,,,,,-1,-74,,
,,,,,,,,,,,,,-1,-75,,
,,,,,,,,,,,,,-2,-71,,
,,,,,,,,,,,,,-2,-72,,
,,,,,,,,,,,,,-2,-73,,
,,,,,,,,,,,,,-2,-74,,
,,,,,,,,,,,,,-2,-75,,
,,,,,,,,,,,,,-2,-76,,
,,,,,,,,,,,,,-3,-70,,
,,,,,,,,,,,,,-3,-71,,
,,,,,,,,,,,,,-3,-72,,
,,,,,,,,,,,,,-3,-73,,
,,,,,,,,,,,,,-3,-74,,
,,,,,,,,,,,,,-3,-75,,
,,,,,,,,,,,,,-3,-76,,
,,,,,,,,,,,,,-3,-77,,
,,,,,,,,,,,,,-4,-70,,
,,,,,,,,,,,,,-4,-71,,
,,,,,,,,,,,,,-4,-72,,
,,,,,,,,,,,,,-4,-73,,
,,,,,,,,,,,,,-4,-74,,
,,,,,,,,,,,,,-4,-75,,
,,,,,,,,,,,,,-4,-76,,
,,,,,,,,,,,,,-4,-77,,
,,,,,,,,,,,,,-4,-78,,
,,,,,,,,,,,,,-4,-80,,
,,,,,,,,,,,,,-5,-69,,
,,,,,,,,,,,,,-5,-70,,
,,,,,,,,,,,,,-5,-71,,
,,,,,,,,,,,,,-5,-72,,
,,,,,,,,,,,,,-5,-73,,
,,,,,,,,,,,,,-5,-74,,
,,,,,,,,,,,,,-5,-75,,
,,,,,,,,,,,,,-5,-76,,
,,,,,,,,,,,,,-5,-77,,
,,,,,,,,,,,,,-5,-78,,
,,,,,,,,,,,,,-5,-79,,
,,,,,,,,,,,,,-5,-80,,
,,,,,,,,,,,,,-5,-81,,
,,,,,,,,,,,,,-6,-71,,
,,,,,,,,,,,,,-6,-72,,
,,,,,,,,,,,,,-6,-73,,
,,,,,,,,,,,,,-6,-74,,
,,,,,,,,,,,,,-6,-75,,
,,,,,,,,,,,,,-6,-76,,
,,,,,,,,,,,,,-6,-77,,
,,,,,,,,,,,,,-6,-78,,
,,,,,,,,,,,,,-6,-79,,
,,,,,,,,,,,,,-6,-80,,
,,,,,,,,,,,,,-6,-81,,
,,,,,,,,,,,,,-7,-73,,
,,,,,,,,,,,,,-7,-74,,
,,,,,,,,,,,,,-7,-75,,
,,,,,,,,,,,,,-7,-76,,
,,,,,,,,,,,,,-7,-77,,
,,,,,,,,,,,,,-7,-78,,
,,,,,,,,,,,,,-7,-79,,
,,,,,,,,,,,,,-7,-80,,
,,,,,,,,,,,,,-7,-81,,
,,,,,,,,,,,,,-8,-73,,
,,,,,,,,,,,,,-8,-74,,
,,,,,,,,,,,,,-8,-75,,
,,,,,,,,,,,,,-8,-76,,
,,,,,,,,,,,,,-8,-77,,
,,,,,,,,,,,,,-8,-78,,
,,,,,,,,,,,,,-8,-79,,
,,,,,,,,,,,,,-9,-72,,
,,,,,,,,,,,,,-9,-73,,
,,,,,,,,,,,,,-9,-74,,
,,,,,,,,,,,,,-9,-75,,
,,,,,,,,,,,,,-9,-76,,
,,,,,,,,,,,,,-9,-77,,
,,,,,,,,,,,,,-9,-78,,
,,,,,,,,,,,,,-9,-79,,
,,,,,,,,,,,,,-10,-70,,
,,,,,,,,,,,,,-10,-71,,
,,,,,,,,,,,,,-10,-72,,
,,,,,,,,,,,,,-10,-73,,
,,,,,,,,,,,,,-10,-74,,
,,,,,,,,,,,,,-10,-75,,
,,,,,,,,,,,,,-10,-76,,
,,,,,,,,,,,,,-10,-77,,
,,,,,,,,,,,,,-10,-78,,
,,,,,,,,,,,,,-11,-69,,
,,,,,,,,,,,,,-11,-70,,
,,,,,,,,,,,,,-11,-71,,
,,,,,,,,,,,,,-11,-72,,
,,,,,,,,,,,,,-11,-73,,
,,,,,,,,,,,,,-11,-74,,
,,,,,,,,,,,,,-11,-75,,
,,,,,,,,,,,,,-11,-76,,
,,,,,,,,,,,,,-11,-77,,
,,,,,,,,,,,,,-11,-78,,
,,,,,,,,,,,,,-12,-69,,
,,,,,,,,,,,,,-12,-70,,
,,,,,,,,,,,,,-12,-71,,
,,,,,,,,,,,,,-12,-72,,
,,,,,,,,,,,,,-12,-73,,
,,,,,,,,,,,,,-12,-74,,
,,,,,,,,,,,,,-12,-75,,
,,,,,,,,,,,,,-12,-76,,
,,,,,,,,,,,,,-12,-77,,
,,,,,,,,,,,,,-13,-68,,
,,,,,,,,,,,,,-13,-69,,
,,,,,,,,,,,,,-13,-70,,
,,,,,,,,,,,,,-13,-71,,
,,,,,,,,,,,,,-13,-72,,
,,,,,,,,,,,,,-13,-73,,
,,,,,,,,,,,,,-13,-74,,
,,,,,,,,,,,,,-13,-75,,
,,,,,,,,,,,,,-13,-76,,
,,,,,,,,,,,,,-13,-77,,
,,,,,,,,,,,,,-14,-68,,
,,,,,,,,,,,,,-14,-69,,
,,,,,,,,,,,,,-14,-70,,
,,,,,,,,,,,,,-14,-71,,
,,,,,,,,,,,,,-14,-72,,
,,,,,,,,,,,,,-14,-73,,
,,,,,,,,,,,,,-14,-74,,
,,,,,,,,,,,,,-14,-75,,
,,,,,,,,,,,,,-14,-76,,
,,,,,,,,,,,,,-15,-68,,
,,,,,,,,,,,,,-15,-69,,
,,,,,,,,,,,,,-15,-70,,
,,,,,,,,,,,,,-15,-71,,
,,,,,,,,,,,,,-15,-72,,
,,,,,,,,,,,,,-15,-73,,
,,,,,,,,,,,,,-15,-74,,
,,,,,,,,,,,,,-15,-75,,
,,,,,,,,,,,,,-15,-76,,
,,,,,,,,,,,,,-16,-68,,
,,,,,,,,,,,,,-16,-69,,
,,,,,,,,,,,,,-16,-70,,
,,,,,,,,,,,,,-16,-71,,
,,,,,,,,,,,,,-16,-72,,
,,,,,,,,,,,,,-16,-73,,
,,,,,,,,,,,,,-16,-74,,
,,,,,,,,,,,,,-16,-75,,
,,,,,,,,,,,,,-17,-68,,
,,,,,,,,,,,,,-17,-69,,
,,,,,,,,,,,,,-17,-70,,
,,,,,,,,,,,,,-17,-71,,
,,,,,,,,,,,,,-17,-72,,
,,,,,,,,,,,,,-17,-73,,
,,,,,,,,,,,,,-18,-69,,
,,,,,,,,,,,,,-18,-70,,
,,,,,,,,,,,,,-18,-71,,
,,,,,,,,,,,,,-18,-72,,
,,,,,,,,,,,,,-19,-69,,
,,,,,,,,,,,,,-19,-70,,
,,,,,,,,,,,,,-1,-74,,
,,,,,,,,,,,,,-1,-75,,
,,,,,,,,,,,,,-1,-76,,
,,,,,,,,,,,,,-2,-72,,
,,,,,,,,,,,,,-2,-73,,
,,,,,,,,,,,,,-2,-74,,
,,,,,,,,,,,,,-2,-75,,
,,,,,,,,,,,,,-2,-76,,
,,,,,,,,,,,,,-2,-77,,
,,,,,,,,,,,,,-3,-71,,
,,,,,,,,,,,,,-3,-72,,
,,,,,,,,,,,,,-3,-73,,
,,,,,,,,,,,,,-3,-74,,
,,,,,,,,,,,,,-3,-75,,
,,,,,,,,,,,,,-3,-76,,
,,,,,,,,,,,,,-3,-77,,
,,,,,,,,,,,,,-3,-78,,
,,,,,,,,,,,,,-4,-71,,
,,,,,,,,,,,,,-4,-72,,
,,,,,,,,,,,,,-4,-73,,
,,,,,,,,,,,,,-4,-74,,
,,,,,,,,,,,,,-4,-75,,
,,,,,,,,,,,,,-4,-76,,
,,,,,,,,,,,,,-4,-77,,
,,,,,,,,,,,,,-4,-78,,
,,,,,,,,,,,,,-4,-79,,
,,,,,,,,,,,,,-4,-81,,
,,,,,,,,,,,,,-5,-70,,
,,,,,,,,,,,,,-5,-71,,
,,,,,,,,,,,,,-5,-72,,
,,,,,,,,,,,,,-5,-73,,
,,,,,,,,,,,,,-5,-74,,
,,,,,,,,,,,,,-5,-75,,
,,,,,,,,,,,,,-5,-76,,
,,,,,,,,,,,,,-5,-77,,
,,,,,,,,,,,,,-5,-78,,
,,,,,,,,,,,,,-5,-79,,
,,,,,,,,,,,,,-5,-80,,
,,,,,,,,,,,,,-5,-81,,
,,,,,,,,,,,,,-5,-82,,
,,,,,,,,,,,,,-6,-72,,
,,,,,,,,,,,,,-6,-73,,
,,,,,,,,,,,,,-6,-74,,
,,,,,,,,,,,,,-6,-75,,
,,,,,,,,,,,,,-6,-76,,
,,,,,,,,,,,,,-6,-77,,
,,,,,,,,,,,,,-6,-78,,
,,,,,,,,,,,,,-6,-79,,
,,,,,,,,,,,,,-6,-80,,
,,,,,,,,,,,,,-6,-81,,
,,,,,,,,,,,,,-6,-82,,
,,,,,,,,,,,,,-7,-74,,
,,,,,,,,,,,,,-7,-75,,
,,,,,,,,,,,,,-7,-76,,
,,,,,,,,,,,,,-7,-77,,
,,,,,,,,,,,,,-7,-78,,
,,,,,,,,,,,,,-7,-79,,
,,,,,,,,,,,,,-7,-80,,
,,,,,,,,,,,,,-7,-81,,
,,,,,,,,,,,,,-7,-82,,
,,,,,,,,,,,,,-8,-74,,
,,,,,,,,,,,,,-8,-75,,
,,,,,,,,,,,,,-8,-76,,
,,,,,,,,,,,,,-8,-77,,
,,,,,,,,,,,,,-8,-78,,
,,,,,,,,,,,,,-8,-79,,
,,,,,,,,,,,,,-8,-80,,
,,,,,,,,,,,,,-9,-73,,
,,,,,,,,,,,,,-9,-74,,
,,,,,,,,,,,,,-9,-75,,
,,,,,,,,,,,,,-9,-76,,
,,,,,,,,,,,,,-9,-77,,
,,,,,,,,,,,,,-9,-78,,
,,,,,,,,,,,,,-9,-79,,
,,,,,,,,,,,,,-9,-80,,
,,,,,,,,,,,,,-10,-71,,
,,,,,,,,,,,,,-10,-72,,
,,,,,,,,,,,,,-10,-73,,
,,,,,,,,,,,,,-10,-74,,
,,,,,,,,,,,,,-10,-75,,
,,,,,,,,,,,,,-10,-76,,
,,,,,,,,,,,,,-10,-77,,
,,,,,,,,,,,,,-10,-78,,
,,,,,,,,,,,,,-10,-79,,
,,,,,,,,,,,,,-11,-70,,
,,,,,,,,,,,,,-11,-71,,
,,,,,,,,,,,,,-11,-72,,
,,,,,,,,,,,,,-11,-73,,
,,,,,,,,,,,,,-11,-74,,
,,,,,,,,,,,,,-11,-75,,
,,,,,,,,,,,,,-11,-76,,
,,,,,,,,,,,,,-11,-77,,
,,,,,,,,,,,,,-11,-78,,
,,,,,,,,,,,,,-11,-79,,
,,,,,,,,,,,,,-12,-70,,
,,,,,,,,,,,,,-12,-71,,
,,,,,,,,,,,,,-12,-72,,
,,,,,,,,,,,,,-12,-73,,
,,,,,,,,,,,,,-12,-74,,
,,,,,,,,,,,,,-12,-75,,
,,,,,,,,,,,,,-12,-76,,
,,,,,,,,,,,,,-12,-77,,
,,,,,,,,,,,,,-12,-78,,
,,,,,,,,,,,,,-13,-69,,
,,,,,,,,,,,,,-13,-70,,
,,,,,,,,,,,,,-13,-71,,
,,,,,,,,,,,,,-13,-72,,
,,,,,,,,,,,,,-13,-73,,
,,,,,,,,,,,,,-13,-74,,
,,,,,,,,,,,,,-13,-75,,
,,,,,,,,,,,,,-13,-76,,
,,,,,,,,,,,,,-13,-77,,
,,,,,,,,,,,,,-13,-78,,
,,,,,,,,,,,,,-14,-69,,
,,,,,,,,,,,,,-14,-70,,
,,,,,,,,,,,,,-14,-71,,
,,,,,,,,,,,,,-14,-72,,
,,,,,,,,,,,,,-14,-73,,
,,,,,,,,,,,,,-14,-74,,
,,,,,,,,,,,,,-14,-75,,
,,,,,,,,,,,,,-14,-76,,
,,,,,,,,,,,,,-14,-77,,
,,,,,,,,,,,,,-15,-69,,
,,,,,,,,,,,,,-15,-70,,
,,,,,,,,,,,,,-15,-71,,
,,,,,,,,,,,,,-15,-72,,
,,,,,,,,,,,,,-15,-73,,
,,,,,,,,,,,,,-15,-74,,
,,,,,,,,,,,,,-15,-75,,
,,,,,,,,,,,,,-15,-76,,
,,,,,,,,,,,,,-15,-77,,
,,,,,,,,,,,,,-16,-69,,
,,,,,,,,,,,,,-16,-70,,
,,,,,,,,,,,,,-16,-71,,
,,,,,,,,,,,,,-16,-72,,
,,,,,,,,,,,,,-16,-73,,
,,,,,,,,,,,,,-16,-74,,
,,,,,,,,,,,,,-16,-75,,
,,,,,,,,,,,,,-16,-76,,
,,,,,,,,,,,,,-17,-69,,
,,,,,,,,,,,,,-17,-70,,
,,,,,,,,,,,,,-17,-71,,
,,,,,,,,,,,,,-17,-72,,
,,,,,,,,,,,,,-17,-73,,
,,,,,,,,,,,,,-17,-74,,
,,,,,,,,,,,,,-18,-70,,
,,,,,,,,,,,,,-18,-71,,
,,,,,,,,,,,,,-18,-72,,
,,,,,,,,,,,,,-18,-73,,
,,,,,,,,,,,,,-19,-70,,
,,,,,,,,,,,,,-19,-71,,
